{
  "params": {
    "n_modes": 144,
    "squeezing_r": 1.5,
    "loss_eta": 0.424
  },
  "cuts": [
    12,
    36,
    72,
    108,
    132
  ],
  "spectra": [
    {
      "cut": 12,
      "n_A": 12,
      "n_B": 132,
      "dim_AB_block": [
        24,
        264
      ],
      "n_singular_values": 24,
      "singular_values_top_50": [
        0.8766956236011626,
        0.8766956236011624,
        0.8764264224295637,
        0.8764264224295637,
        0.8754964700582737,
        0.8754964700582735,
        0.8748075399619363,
        0.8748075399619358,
        0.8736072028551521,
        0.8736072028551517,
        0.8704973505246137,
        0.8704973505246136,
        0.8659793660284135,
        0.8659793660284134,
        0.8623308796155839,
        0.8623308796155839,
        0.8609875168103397,
        0.8609875168103397,
        0.8581375065117837,
        0.8581375065117833,
        0.8448131559877192,
        0.844813155987719,
        0.8413118922313557,
        0.8413118922313555
      ],
      "total_mass_squared": 17.964410469269062,
      "mass_squared_in_top_chi": {
        "10": 7.6633806726265385,
        "20": 15.121380532189395,
        "24": 17.964410469269062
      },
      "power_law_fit": {
        "alpha": 0.019541513887885106,
        "intercept": -0.09818423592123943,
        "n_points_used": 22,
        "head_skip": 2
      },
      "chi_for_99_pct_mass": 24,
      "chi_for_999_pct_mass": 24,
      "chi_for_50_pct_mass": 12,
      "wall_clock_s": 1.6560804843902588
    },
    {
      "cut": 36,
      "n_A": 36,
      "n_B": 108,
      "dim_AB_block": [
        72,
        216
      ],
      "n_singular_values": 72,
      "singular_values_top_50": [
        0.8767386395627588,
        0.8767386395627588,
        0.8764737802815535,
        0.8764737802815532,
        0.876058000991733,
        0.8760580009917321,
        0.875665277432652,
        0.8756652774326518,
        0.8750379911469692,
        0.8750379911469691,
        0.873909230714218,
        0.8739092307142177,
        0.8735183247452604,
        0.8735183247452601,
        0.8709815344121743,
        0.870981534412174,
        0.8706614673556157,
        0.8706614673556156,
        0.8696682151386594,
        0.8696682151386592,
        0.8671344540572142,
        0.8671344540572139,
        0.8653718905617658,
        0.8653718905617654,
        0.863770536674794,
        0.8637705366747934,
        0.863341438326523,
        0.8633414383265228,
        0.8614108867802374,
        0.8614108867802364,
        0.8589586463995584,
        0.8589586463995581,
        0.8544505847409549,
        0.8544505847409539,
        0.8538374031399241,
        0.8538374031399238,
        0.8459055115851137,
        0.8459055115851136,
        0.8424088281941556,
        0.8424088281941552,
        0.8361444451932407,
        0.8361444451932406,
        0.8341426056292982,
        0.8341426056292949,
        0.8291614842318926,
        0.8291614842318926,
        0.8255311472827428,
        0.8255311472827427,
        0.8238930634257035,
        0.8238930634257031
      ],
      "total_mass_squared": 49.70407187606674,
      "mass_squared_in_top_chi": {
        "10": 7.673671429553502,
        "20": 15.273140700834626,
        "50": 36.8714643898973,
        "72": 49.70407187606674
      },
      "power_law_fit": {
        "alpha": 0.06263013298921834,
        "intercept": 0.02220979250829604,
        "n_points_used": 70,
        "head_skip": 2
      },
      "chi_for_99_pct_mass": 71,
      "chi_for_999_pct_mass": 72,
      "chi_for_50_pct_mass": 33,
      "wall_clock_s": 1.6215543746948242
    },
    {
      "cut": 72,
      "n_A": 72,
      "n_B": 72,
      "dim_AB_block": [
        144,
        144
      ],
      "n_singular_values": 144,
      "singular_values_top_50": [
        0.8767178821024931,
        0.8767178821024931,
        0.8765015728254234,
        0.876501572825423,
        0.876435524983743,
        0.8764355249837429,
        0.8761202220980008,
        0.8761202220980006,
        0.8752669951854658,
        0.8752669951854656,
        0.875066967210614,
        0.8750669672106138,
        0.8746284645732478,
        0.8746284645732474,
        0.8742065475243179,
        0.8742065475243177,
        0.8733373111375657,
        0.8733373111375656,
        0.8727160110237138,
        0.8727160110237134,
        0.8714667737467424,
        0.8714667737467423,
        0.8701915742808579,
        0.8701915742808578,
        0.8669802193612339,
        0.8669802193612339,
        0.8668317406687643,
        0.866831740668764,
        0.8664713123448522,
        0.8664713123448521,
        0.8639973048909028,
        0.8639973048909013,
        0.8634896689032172,
        0.8634896689032168,
        0.8608066823449878,
        0.8608066823449876,
        0.8580098700836232,
        0.8580098700836228,
        0.8564930506765419,
        0.8564930506765418,
        0.8533084266008842,
        0.8533084266008841,
        0.8509931674612257,
        0.8509931674612253,
        0.8498243323740775,
        0.8498243323740775,
        0.8479687845382806,
        0.8479687845382804,
        0.8417257410540441,
        0.841725741054044
      ],
      "total_mass_squared": 74.2925162632524,
      "mass_squared_in_top_chi": {
        "10": 7.6774148756945895,
        "20": 15.31602593729751,
        "50": 37.46691936795234,
        "100": 66.97733278929613,
        "144": 74.2925162632524
      },
      "power_law_fit": {
        "alpha": 0.43159263186728053,
        "intercept": 1.2122629507606721,
        "n_points_used": 142,
        "head_skip": 2
      },
      "chi_for_99_pct_mass": 127,
      "chi_for_999_pct_mass": 137,
      "chi_for_50_pct_mass": 50,
      "wall_clock_s": 2.1423914432525635
    },
    {
      "cut": 108,
      "n_A": 108,
      "n_B": 36,
      "dim_AB_block": [
        216,
        72
      ],
      "n_singular_values": 72,
      "singular_values_top_50": [
        0.8766499873569402,
        0.8766499873569399,
        0.8765674709190981,
        0.8765674709190978,
        0.8757471939022414,
        0.8757471939022411,
        0.8753355691603456,
        0.8753355691603455,
        0.874989128776438,
        0.8749891287764375,
        0.8747308025714596,
        0.874730802571459,
        0.873545191203175,
        0.8735451912031749,
        0.8727954318172906,
        0.8727954318172904,
        0.8718937357089326,
        0.8718937357089322,
        0.8706897410092523,
        0.8706897410092522,
        0.8681464364404219,
        0.8681464364404218,
        0.8671627748043232,
        0.867162774804323,
        0.8658708032898105,
        0.86587080328981,
        0.8650937424149531,
        0.8650937424149528,
        0.8626343816246568,
        0.8626343816246566,
        0.8591471260694957,
        0.8591471260694957,
        0.8542967329003723,
        0.854296732900372,
        0.8527659801663192,
        0.8527659801663191,
        0.8504715298453823,
        0.8504715298453821,
        0.8453803865999955,
        0.8453803865999954,
        0.8421316108954374,
        0.842131610895437,
        0.8383345452289273,
        0.8383345452289273,
        0.8353410938707607,
        0.8353410938707605,
        0.8297682641425423,
        0.8297682641425422,
        0.8261942311919976,
        0.8261942311919974
      ],
      "total_mass_squared": 50.02543711566154,
      "mass_squared_in_top_chi": {
        "10": 7.671274426296584,
        "20": 15.287887136916321,
        "50": 37.011768803905895,
        "72": 50.02543711566154
      },
      "power_law_fit": {
        "alpha": 0.05822255026251303,
        "intercept": 0.011253800768046461,
        "n_points_used": 70,
        "head_skip": 2
      },
      "chi_for_99_pct_mass": 72,
      "chi_for_999_pct_mass": 72,
      "chi_for_50_pct_mass": 34,
      "wall_clock_s": 1.7453281879425049
    },
    {
      "cut": 132,
      "n_A": 132,
      "n_B": 12,