{
  "N=8": {
    "n_sites": 8,
    "n_edges": 8,
    "E_ED": -4.805811972798184,
    "E_2nd_final": -3.7680098241710622,
    "E_4th_final": -3.3605214303945057,
    "rel_err_2nd": 0.21594730599142878,
    "rel_err_4th": 0.3007380543775535
  },
  "N=16": {
    "n_sites": 16,
    "n_edges": 24,
    "E_ED": -9.18041847869698,
    "E_2nd_final": -6.1652122579780055,
    "E_4th_final": -5.516484458208778,
    "rel_err_2nd": 0.3284388644935647,
    "rel_err_4th": 0.39910315951177006
  }
}