{
  "E_ED": -10.152197005858188,
  "numpy_2nd_order_ref": -6.67166076796629,
  "RBM": {
    "N": 16,
    "n_edges": 24,
    "model": "RBM",
    "E_final": -9.903718604521291,
    "E_var_final": 1.262177448353619e-29,
    "wall_time_s": 7.071107864379883,
    "n_iter": 80,
    "log": {
      "E": [
        -0.10455560258985257,
        -0.5053843970056594,
        -6.852197988332961,
        -9.574151450215448,
        -9.874868163616652,
        -9.903718604521575,
        -9.90371860452137,
        -9.903718604521432,
        -9.903718604521432,
        -9.903718604521716,
        -9.903718604521716,
        -9.903718604521575,
        -9.903718604521575,
        -9.903718604521575,
        -9.903718604521575,
        -9.903718604521432,
        -9.903718604521575,
        -9.903718604521575,
        -9.903718604521432,
        -9.903718604521854,
        -9.903718604521854,
        -9.903718604521575,
        -9.903718604521575,
        -9.903718604521575,
        -9.903718604521014,
        -9.903718604521291,
        -9.903718604521575,
        -9.903718604521854,
        -9.903718604521014,
        -9.903718604521291,
        -9.903718604521291,
        -9.903718604521014,
        -9.903718604521575,
        -9.903718604521575,
        -9.903718604521575,
        -9.903718604521575,
        -9.903718604521014,
        -9.903718604521575,
        -9.903718604521854,
        -9.903718604521854,
        -9.903718604521575,
        -9.903718604522421,
        -9.903718604521854,
        -9.903718604521575,
        -9.903718604521575,
        -9.903718604521291,
        -9.903718604521575,
        -9.903718604521575,
        -9.903718604521575,
        -9.903718604521014,
        -9.903718604521854,
        -9.903718604521575,
        -9.903718604521854,
        -9.903718604521854,
        -9.903718604521575,
        -9.903718604521575,
        -9.903718604521854,
        -9.903718604521575,
        -9.903718604522137,
        -9.903718604521575,
        -9.903718604521854,
        -9.903718604521575,
        -9.903718604521575,
        -9.903718604521575,
        -9.903718604521854,
        -9.903718604521575,
        -9.903718604521854,
        -9.903718604521291,
        -9.903718604521291,
        -9.903718604521291,
        -9.903718604521854,
        -9.903718604521291,
        -9.903718604522137,
        -9.903718604521575,
        -9.903718604521854,
        -9.903718604521014,
        -9.903718604521575,
        -9.903718604521575,
        -9.903718604521291,
        -9.903718604521291
      ],
      "E_var": [
        9.187845018359013,
        9.377635928402315,
        4.471447892891183,
        0.33100258968798013,
        0.021724708534954524,
        0.0,
        2.8398992587956425e-29,
        1.262177448353619e-29,
        1.262177448353619e-29,
        0.0,
        0.0,
        0.0,
        0.0,
        0.0,
        0.0,
        1.262177448353619e-29,
        0.0,
        0.0,
        1.262177448353619e-29,
        3.1554436208840472e-30,
        3.1554436208840472e-30,
        0.0,
        0.0,
        0.0,
        3.1554436208840472e-30,
        1.262177448353619e-29,
        0.0,
        3.1554436208840472e-30,
        3.1554436208840472e-30,
        1.262177448353619e-29,
        1.262177448353619e-29,
        3.1554436208840472e-30,
        0.0,
        0.0,
        0.0,
        0.0,
        3.1554436208840472e-30,
        0.0,
        3.1554436208840472e-30,
        3.1554436208840472e-30,
        0.0,
        3.1554436208840472e-30,
        3.1554436208840472e-30,
        0.0,
        0.0,
        1.262177448353619e-29,
        0.0,
        0.0,
        0.0,
        3.1554436208840472e-30,
        3.1554436208840472e-30,
        0.0,
        3.1554436208840472e-30,
        3.1554436208840472e-30,
        0.0,
        0.0,
        3.1554436208840472e-30,
        0.0,
        3.1554436208840472e-30,
        0.0,
        3.1554436208840472e-30,
        0.0,
        0.0,
        0.0,
        3.1554436208840472e-30,
        0.0,
        3.1554436208840472e-30,
        1.262177448353619e-29,
        1.262177448353619e-29,
        1.262177448353619e-29,
        3.1554436208840472e-30,
        1.262177448353619e-29,
        3.1554436208840472e-30,
        0.0,
        3.1554436208840472e-30,
        3.1554436208840472e-30,
        0.0,
        0.0,
        1.262177448353619e-29,
        1.262177448353619e-29
      ]
    }
  },
  "Jastrow": {
    "N": 16,
    "n_edges": 24,
    "model": "Jastrow",
    "E_final": -8.567074700804309,
    "E_var_final": 1.135959703518257e-28,
    "wall_time_s": 4.279472827911377,
    "n_iter": 80,
    "log": {
      "E": [
        0.2822370360793005,
        -0.8891309524137899,
        -2.5230859684989277,
        -3.6958952167951007,
        -5.359045238514654,
        -6.827445055636427,
        -7.944444530442593,
        -8.1588352821796,
        -8.19553713298304,
        -8.211519213176949,
        -8.209484767066188,
        -8.2177620225227,
        -8.234675636744303,
        -8.227993562808328,
        -8.245675759755638,
        -8.297586634798769,
        -8.385268145409926,
        -8.503404443451348,
        -8.549306256891851,
        -8.559671182507453,
        -8.564113293485565,
        -8.567074700804309,
        -8.567074700804309,
        -8.567074700804309,
        -8.567074700804309,
        -8.567074700804309,
        -8.567074700804309,
        -8.567074700804309,
        -8.567074700804309,
        -8.567074700804309,
        -8.567074700804309,
        -8.567074700804309,
        -8.567074700804309,
        -8.567074700804309,
        -8.567074700804309,
        -8.567074700804309,
        -8.567074700804309,
        -8.567074700804309,
        -8.567074700804309,
        -8.567074700804309,
        -8.567074700804309,
        -8.567074700804309,
        -8.567074700804309,
        -8.567074700804309,
        -8.567074700804309,
        -8.567074700804309,
        -8.567074700804309,
        -8.567074700804309,
        -8.567074700804309,
        -8.567074700804309,
        -8.567074700804309,
        -8.567074700804309,
        -8.567074700804309,
        -8.567074700804309,
        -8.567074700804309,
        -8.567074700804309,
        -8.567074700804309,
        -8.567074700804309,
        -8.567074700804309,
        -8.567074700804309,
        -8.567074700804309,
        -8.567074700804309,
        -8.567074700804309,
        -8.567074700804309,
        -8.567074700804309,
        -8.567074700804309,
        -8.567074700804309,
        -8.567074700804309,
        -8.567074700804309,
        -8.567074700804309,
        -8.567074700804309,
        -8.567074700804309,
        -8.567074700804309,
        -8.567074700804309,
        -8.567074700804309,
        -8.567074700804309,
        -8.567074700804309,
        -8.567074700804309,
        -8.567074700804309,
        -8.567074700804309
      ],