{
  "N=16": {
    "n_sites": 16,
    "n_edges": 24,
    "n_params": 40,
    "wall_time_s": 2.504199266433716,
    "E_final": -6.67166076796629,
    "acc_final": 0.381375
  },
  "N=54": {
    "n_sites": 54,
    "n_edges": 90,
    "n_params": 144,
    "wall_time_s": 12.996737718582153,
    "E_final": -19.424755447946264,
    "acc_final": 0.498
  },
  "N=128": {
    "n_sites": 128,
    "n_edges": 224,
    "n_params": 352,
    "wall_time_s": 39.745832681655884,
    "E_final": -36.18780433573308,
    "acc_final": 0.59396875
  }
}