{
  "E_GS": -11.504073765488936,
  "rbm_runs": {
    "alpha=2": {
      "N": 16,
      "alpha": 2,
      "E_final": -11.120063938519174,
      "E_var_final": 2.5022667913610494e-26,
      "wall_time_s": 8.631438732147217,
      "n_iter": 120,
      "rel_err_vs_ED": 0.033380334201415986
    },
    "alpha=4": {
      "N": 16,
      "alpha": 4,
      "E_final": -11.504073765488934,
      "E_var_final": 3.1554436208840472e-30,
      "wall_time_s": 7.527033805847168,
      "n_iter": 120,
      "rel_err_vs_ED": 1.544111134552303e-16
    },
    "alpha=8": {
      "N": 16,
      "alpha": 8,
      "E_final": -11.504073765488934,
      "E_var_final": 3.1554436208840472e-30,
      "wall_time_s": 8.41845989227295,
      "n_iter": 120,
      "rel_err_vs_ED": 1.544111134552303e-16
    }
  }
}