{
  "J43_alpha16": {
    "E": -27.40728506000903,
    "rel_err": 0.063949284864315,
    "wall_s": 531.0164380073547,
    "verdict": "BREAK",
    "improvement_pp_vs_alpha4": 11.821449474531958
  },
  "J44_alpha16": {
    "E": -30.61835244078713,
    "rel_err": 0.0580342880190487,
    "wall_s": 514.9244320392609,
    "verdict": "BREAK",
    "improvement_pp_vs_alpha4": 6.224791572833072
  },
  "DMRG_truths": {
    "43": -29.279701,
    "44": -32.504742
  },
  "RBM_alpha4_prior": {
    "43": -23.946,
    "44": -28.595
  },
  "lattice": "N=48,L=2,Lv=6,diam=8"
}