{
  "status": "OK",
  "N": 8,
  "gamma": 1.5,
  "dt": 0.05,
  "n_steps": 20,
  "wall_time_s": 21.140368700027466,
  "E_initial": -12.072132960305463,
  "es": [
    -11.603372897022542,
    -11.918257510468344,
    -12.044205355355356,
    -11.915810724798268,
    -11.935406777023134,
    -11.922110666307779,
    -11.912198875694964,
    -11.897188064757913,
    -11.85196370504764,
    -11.812697160494851,
    -12.006728997094767,
    -11.928378866261088,
    -11.932897786619307,
    -11.872349684863723,
    -11.919964573534479,
    -11.824271468311768,
    -11.90247322910184,
    -11.85604413919441,
    -11.892911070867946,
    -11.796062989157255
  ],
  "drift": 0.27606997114820864,
  "max_abs_deviation": 0.46876006328292164
}