{
  "N": 8,
  "L_perp": 2,
  "L_vert": 1,
  "t_a": 7.0,
  "n_t_steps": 50,
  "alpha": 4,
  "gamma_trajectory": [
    3.0,
    2.94,
    2.88,
    2.82,
    2.7600000000000002,
    2.7,
    2.64,
    2.58,
    2.52,
    2.46,
    2.4000000000000004,
    2.34,
    2.2800000000000002,
    2.2199999999999998,
    2.16,
    2.0999999999999996,
    2.04,
    1.9799999999999998,
    1.9199999999999997,
    1.8599999999999999,
    1.7999999999999998,
    1.7399999999999998,
    1.6800000000000002,
    1.62,
    1.56,
    1.4999999999999996,
    1.4399999999999995,
    1.38,
    1.3199999999999998,
    1.2599999999999998,
    1.2000000000000002,
    1.1399999999999997,
    1.08,
    1.02,
    0.9599999999999999,
    0.8999999999999998,
    0.8399999999999997,
    0.7799999999999997,
    0.72,
    0.6599999999999996,
    0.5999999999999999,
    0.5399999999999998,
    0.47999999999999976,
    0.4199999999999997,
    0.36,
    0.2999999999999996,
    0.23999999999999988,
    0.1799999999999995,
    0.11999999999999977,
    0.05999999999999972,
    0.0
  ],
  "energy_trajectory": [
    -24.267028184578002,
    -24.28054671166594,
    -24.279353738744035,
    -24.26859104612584,
    -24.284744564684363,
    -24.271041783777022,
    -24.276335593038922,
    -24.26986032508841,
    -24.279352619295867,
    -24.273102421346376,
    -24.278436135051248,
    -24.28431936334118,
    -24.286827473223642,
    -24.304474999026034,
    -24.268168151790476,
    -24.281314004360837,
    -24.27408445493593,
    -24.28101283821344,
    -24.28563490526334,
    -24.282089093926736,
    -24.28527010717437,
    -24.289532834514887,
    -24.27613278104745,
    -24.280168478761865,
    -24.282763333153593,
    -24.28499827092438,
    -24.277859687905135,
    -24.282153656033604,
    -24.28440369585898,
    -24.280945837767852,
    -24.28829470037116,
    -24.282802181238154,
    -24.28121177164669,
    -24.28264304510655,
    -24.281427220303954,
    -24.284055764224995,
    -24.281123501784037,
    -24.278195651904174,
    -24.283321165209724,
    -24.284360783461494,
    -24.2837191042529,
    -24.28786824600492,
    -24.280712437174987,
    -24.28076520261279,
    -24.283397879909742,
    -24.28403239706346,
    -24.28235494241124,
    -24.284636773008696,
    -24.283994364129715,
    -24.279701129561364,
    -24.283039999261558
  ],
  "q2_trajectory": [
    0.0025882720947265625,
    0.003871917724609375,
    0.0030269622802734375,
    0.0004596710205078125,
    0.0042324066162109375,
    0.0045261383056640625,
    0.0014705657958984375,
    0.001987457275390625,
    0.00345611572265625,
    0.001049041748046875,
    0.001220703125,
    0.004009246826171875,
    0.00316619873046875,
    0.0020580291748046875,
    0.0021038055419921875,
    0.001529693603515625,
    0.00139617919921875,
    0.0012111663818359375,
    0.003814697265625,
    0.00333404541015625,
    0.004337310791015625,
    0.0033740997314453125,
    0.0030765533447265625,
    0.0028820037841796875,
    0.0038013458251953125,
    0.001308441162109375,
    0.0011844635009765625,
    0.001171112060546875,
    0.002544403076171875,
    0.003894805908203125,
    0.0053272247314453125,
    0.0035686492919921875,
    0.00296783447265625,
    0.0047054290771484375,
    0.000591278076171875,
    0.000514984130859375,
    0.001262664794921875,
    0.0026416778564453125,
    0.0022716522216796875,
    0.008047103881835938,
    0.00225067138671875,
    0.0028934478759765625,
    0.001804351806640625,
    0.00113677978515625,
    0.0009326934814453125,
    0.0016117095947265625,
    0.0023746490478515625,
    0.002063751220703125,
    0.00237274169921875,
    0.001873016357421875,
    0.0019397735595703125
  ],
  "wall_prep_s": 6.61722993850708,
  "wall_quench_s": 6.986678123474121,
  "method": "stepwise-VMC-quench (not full TDVP)",
  "caveat": "NetKet TDVP driver compatibility issues; this is a sub-baseline"
}