{
  "lattice": "N=54, L=3, Lv=3, diam=9",
  "alpha": 16,
  "DMRG_truths": {
    "42": -35.958331,
    "43": -37.582084,
    "44": -37.766317,
    "45": -35.29911,
    "46": -33.779873
  },
  "RBM_alpha16": {
    "42": -35.5589,
    "43": -27.1556,
    "44": -38.7205,
    "45": -32.8894,
    "46": -33.0641
  },
  "rel_errs": {
    "42": 0.011108162945605007,
    "43": 0.27743229992248436,
    "44": -0.025265450162905757,
    "45": 0.06826546051727642,
    "46": 0.02118933366031301
  },
  "breaks": 4,
  "mean_abs_err": 0.08065214144171692,
  "std_err": 0.10766235453874481,
  "wilson_ci_95": [
    0.3755282641185388,
    0.9637768390302125
  ],
  "verdict": "Scenario_C_smooth_alpha_N_tradeoff"
}