{
  "N=16": {
    "N": 16,
    "alpha": 4,
    "n_edges": 24,
    "E_final": -11.504073765488934,
    "wall_time_s": 6.496460676193237,
    "n_samples": 512,
    "n_iter": 80,
    "lr": 0.05
  },
  "N=54": {
    "N": 54,
    "alpha": 4,
    "n_edges": 90,
    "E_final": -29.135346453175092,
    "wall_time_s": 60.57719445228577,
    "n_samples": 1024,
    "n_iter": 120,
    "lr": 0.03
  },
  "N=128": {
    "N": 128,
    "alpha": 4,
    "n_edges": 224,
    "E_final": -62.12688648167726,
    "wall_time_s": 827.6906034946442,
    "n_samples": 2048,
    "n_iter": 150,
    "lr": 0.02
  },
  "_scaling_fit": {
    "alpha": 2.2985677202715467,
    "log_c": -4.666945873155693
  }
}