{
  "DMRG_truths": {
    "42": -30.943978,
    "43": -29.279701,
    "44": -32.504742,
    "45": -28.520379,
    "46": -34.574491
  },
  "axis1_rbm_init_J42": {
    "data": {
      "42": -29.0949,
      "43": -27.5396,
      "44": -29.2392,
      "45": -28.828,
      "46": -31.2223
    },
    "errors": [
      0.059755665545005304,
      0.11001746446432974,
      0.05509239956155608,
      0.06838093020877929,
      -0.008994383333648935
    ],
    "mean_abs_err": 0.06044816862266387
  },
  "axis2_J_seed_rbm42": {
    "data": {
      "42": -29.0949,
      "43": -23.9459,
      "44": -28.5948,
      "45": -27.2255,
      "46": -32.2599
    },
    "errors": [
      0.059755665545005304,
      0.1821671949450576,
      0.12028835669577076,
      0.04540188613903056,
      0.0669450491693428
    ],
    "mean_abs_err": 0.09491163049884141
  },
  "verdict": "MIXED (B)"
}