{
  "N": 24,
  "alpha": 4,
  "E_final": -16.13266984325264,
  "E_var_final": 6.184669496932733e-28,
  "wall_time_s": 20.800450563430786,
  "n_iter": 150,
  "E_ED_truth": -16.14595,
  "rel_err": 0.0008225069907537147
}