{
  "d16_fit": {
    "a": 0.001503685798390011,
    "b": 0.3862057172565963,
    "data": [
      [
        6,
        0.05
      ],
      [
        8,
        0.0664
      ],
      [
        10,
        0.0752
      ],
      [
        12,
        0.1302
      ],
      [
        15,
        0.1964
      ],
      [
        16,
        0.2454
      ],
      [
        20,
        1.6814
      ],
      [
        36,
        4236.676
      ]
    ]
  },
  "d20_fit": {
    "a": 0.031002413080981218,
    "b": 0.12727203708460405,
    "data": [
      [
        6,
        0.0627
      ],
      [
        8,
        0.0866
      ],
      [
        10,
        0.12
      ],
      [
        12,
        0.1443
      ],
      [
        15,
        0.208
      ],
      [
        16,
        0.2293
      ]
    ],
    "note": "20q outlier dropped"
  },
  "56q_d16_seconds": 3714238.2962142522,
  "56q_d16_hours": 1031.7328600595145,
  "56q_d20_seconds": 38.6112560136591,
  "56q_d20_hours": 0.010725348892683085,
  "data_anchor": "d=16 fit uses real 36q wall-clock = 4236.676s (1.18 hr)",
  "caveat_R3": "d=20 has no high-n anchor; bracket the actual ZCZ 2.0 runtime between d=16 and d=20 extrapolations",
  "zcz_2_0_runtime_estimate_seconds": {
    "lower_bound_d16": 3714238.2962142522,
    "upper_bound_d20": 38.6112560136591
  }
}