{
  "sycamore": {
    "label": "Sycamore (53q, 20c) [BROKEN by Pan-Zhang 2022]",
    "n_qubits": 53,
    "f_xeb": 0.0022,
    "n_samples_actual": 5000000.0,
    "hilbert_dim_log2": 53,
    "sigma": 0.0004472135954999579,
    "snr": 4.919349550499538,
    "detectable_3sigma": "True",
    "n_samples_needed_3sigma": 1859504.1322314045,
    "log2_samples_needed_3sigma": 20.826486523266617,
    "n_samples_needed_5sigma": 5165289.256198347,
    "log2_samples_needed_5sigma": 22.300417711599028,
    "sample_deficit_factor": 0.3719008264462809
  },
  "zcz20": {
    "label": "Zuchongzhi 2.0 (56q, 20c)",
    "n_qubits": 56,
    "f_xeb": 0.00066,
    "n_samples_actual": 5000000.0,
    "hilbert_dim_log2": 56,
    "sigma": 0.0004472135954999579,
    "snr": 1.4758048651498614,
    "detectable_3sigma": "False",
    "n_samples_needed_3sigma": 20661157.024793386,
    "log2_samples_needed_3sigma": 24.300417711599028,
    "n_samples_needed_5sigma": 57392102.846648306,
    "log2_samples_needed_5sigma": 25.774348899931443,
    "sample_deficit_factor": 4.132231404958677
  },
  "zcz21": {
    "label": "Zuchongzhi 2.1 (60q, 24c)",
    "n_qubits": 60,
    "f_xeb": 0.000366,
    "n_samples_actual": 10000000.0,
    "hilbert_dim_log2": 60,
    "sigma": 0.00031622776601683794,
    "snr": 1.157393623621627,
    "detectable_3sigma": "False",
    "n_samples_needed_3sigma": 67186240.25799517,
    "log2_samples_needed_3sigma": 26.001662463522575,
    "n_samples_needed_5sigma": 186628445.16109768,
    "log2_samples_needed_5sigma": 27.47559365185499,
    "sample_deficit_factor": 6.718624025799517
  },
  "zcz30_for_reference_only": {
    "label": "Zuchongzhi 3.0 (83q, 32c) [DETECTABLE \u2014 not a T6 attack]",
    "n_qubits": 83,
    "f_xeb": 0.000262,
    "n_samples_actual": 410000000.0,
    "hilbert_dim_log2": 83,
    "sigma": 4.938647983247948e-05,
    "snr": 5.305095663604947,
    "detectable_3sigma": "True",
    "n_samples_needed_3sigma": 131111240.60369438,
    "log2_samples_needed_3sigma": 26.96621613701576,
    "n_samples_needed_5sigma": 364197890.5658178,
    "log2_samples_needed_5sigma": 28.44014732534817,
    "sample_deficit_factor": 0.31978351366754726
  },
  "willow_estimated_N": {
    "label": "Willow RCS (67q, 32c) [N=10^7 estimated]",
    "n_qubits": 67,
    "f_xeb": 0.001,
    "n_samples_actual": 10000000.0,
    "hilbert_dim_log2": 67,
    "sigma": 0.00031622776601683794,
    "snr": 3.1622776601683795,
    "detectable_3sigma": "True",
    "n_samples_needed_3sigma": 9000000.0,
    "log2_samples_needed_3sigma": 23.101493570766486,
    "n_samples_needed_5sigma": 25000000.0,
    "log2_samples_needed_5sigma": 24.575424759098897,
    "sample_deficit_factor": 0.9
  }
}