{
  "sycamore": {
    "label": "Sycamore (53q, 20c) \u2014 BROKEN",
    "n_qubits": 53,
    "f_xeb": 0.0022,
    "n_samples_actual": 1000000.0,
    "hilbert_dim_log2": 53,
    "sigma": 0.001,
    "snr": 2.2,
    "detectable_3sigma": "False",
    "n_samples_needed_3sigma": 1859504.1322314045,
    "log2_samples_needed_3sigma": 20.826486523266617,
    "n_samples_needed_5sigma": 5165289.256198347,
    "log2_samples_needed_5sigma": 22.300417711599028,
    "sample_deficit_factor": 1.8595041322314045
  },
  "zcz20": {
    "label": "Zuchongzhi 2.0 (56q, 20c)",
    "n_qubits": 56,
    "f_xeb": 0.00066,
    "n_samples_actual": 1000000.0,
    "hilbert_dim_log2": 56,
    "sigma": 0.001,
    "snr": 0.66,
    "detectable_3sigma": "False",
    "n_samples_needed_3sigma": 20661157.024793386,
    "log2_samples_needed_3sigma": 24.300417711599028,
    "n_samples_needed_5sigma": 57392102.846648306,
    "log2_samples_needed_5sigma": 25.774348899931443,
    "sample_deficit_factor": 20.661157024793386
  },
  "zcz21": {
    "label": "Zuchongzhi 2.1 (60q, 24c)",
    "n_qubits": 60,
    "f_xeb": 0.000366,
    "n_samples_actual": 1000000.0,
    "hilbert_dim_log2": 60,
    "sigma": 0.001,
    "snr": 0.366,
    "detectable_3sigma": "False",
    "n_samples_needed_3sigma": 67186240.25799517,
    "log2_samples_needed_3sigma": 26.001662463522575,
    "n_samples_needed_5sigma": 186628445.16109768,
    "log2_samples_needed_5sigma": 27.47559365185499,
    "sample_deficit_factor": 67.18624025799517
  },
  "zcz30": {
    "label": "Zuchongzhi 3.0 (83q, 32c)",
    "n_qubits": 83,
    "f_xeb": 0.00026,
    "n_samples_actual": 10000000.0,
    "hilbert_dim_log2": 83,
    "sigma": 0.00031622776601683794,
    "snr": 0.8221921916437785,
    "detectable_3sigma": "False",
    "n_samples_needed_3sigma": 133136094.67455623,
    "log2_samples_needed_3sigma": 26.98832651403375,
    "n_samples_needed_5sigma": 369822485.20710075,
    "log2_samples_needed_5sigma": 28.462257702366163,
    "sample_deficit_factor": 13.313609467455622
  },
  "willow": {
    "label": "Willow RCS (67q, 32c)",
    "n_qubits": 67,
    "f_xeb": 0.001,
    "n_samples_actual": 10000000.0,
    "hilbert_dim_log2": 67,
    "sigma": 0.00031622776601683794,
    "snr": 3.1622776601683795,
    "detectable_3sigma": "True",
    "n_samples_needed_3sigma": 9000000.0,
    "log2_samples_needed_3sigma": 23.101493570766486,
    "n_samples_needed_5sigma": 25000000.0,
    "log2_samples_needed_5sigma": 24.575424759098897,
    "sample_deficit_factor": 0.9
  }
}