{
  "N": 48,
  "L_perp": 2,
  "L_vert": 6,
  "n_edges": 72,
  "edges_md5": "c88db7b3eb318ac72ccb485dfb1e6ce9",
  "J_md5": "320895314bd307dd4581e11b7028bc13",
  "spec_version": "v2 (canonical_diamond_v2 by claude3 d9cf7fa)",
  "method": "tenpy DMRG variational",
  "Hamiltonian": "H = -sum_(i,j) J_ij Sz_i Sz_j  (4*Sz factor for spin-1/2 Pauli convention)",
  "chi_sweep": [
    {
      "chi": 64,
      "E_DMRG": -29.279700972727138,
      "E_per_edge": -0.40666251351009913,
      "runtime_s": 7.956763982772827,
      "max_sweeps": 15,
      "n_sweeps_actual": 7
    },
    {
      "chi": 128,
      "E_DMRG": -29.279700972727138,
      "E_per_edge": -0.40666251351009913,
      "runtime_s": 8.012911796569824,
      "max_sweeps": 15,
      "n_sweeps_actual": 7
    }
  ]
}