{
  "N": 24,
  "L_perp": 2,
  "L_vert": 3,
  "n_edges": 36,
  "edges": [
    [
      0,
      1
    ],
    [
      0,
      5
    ],
    [
      1,
      2
    ],
    [
      1,
      6
    ],
    [
      1,
      12
    ],
    [
      2,
      3
    ],
    [
      3,
      4
    ],
    [
      3,
      8
    ],
    [
      3,
      14
    ],
    [
      4,
      5
    ],
    [
      5,
      10
    ],
    [
      5,
      16
    ],
    [
      6,
      7
    ],
    [
      6,
      11
    ],
    [
      7,
      8
    ],
    [
      7,
      18
    ],
    [
      8,
      9
    ],
    [
      9,
      10
    ],
    [
      9,
      20
    ],
    [
      10,
      11
    ],
    [
      11,
      22
    ],
    [
      12,
      13
    ],
    [
      12,
      17
    ],
    [
      13,
      14
    ],
    [
      13,
      18
    ],
    [
      14,
      15
    ],
    [
      15,
      16
    ],
    [
      15,
      20
    ],
    [
      16,
      17
    ],
    [
      17,
      22
    ],
    [
      18,
      19
    ],
    [
      18,
      23
    ],
    [
      19,
      20
    ],
    [
      20,
      21
    ],
    [
      21,
      22
    ],
    [
      22,
      23
    ]
  ],
  "J": [
    -0.250919762305275,
    0.9014286128198323,
    0.4639878836228102,
    0.1973169683940732,
    -0.687962719115127,
    -0.6880109593275947,
    -0.8838327756636011,
    0.7323522915498704,
    0.2022300234864176,
    0.416145155592091,
    -0.9588310114083951,
    0.9398197043239886,
    0.6648852816008435,
    -0.5753217786434477,
    -0.6363500655857988,
    -0.6331909802931324,
    -0.39151551408092455,
    0.04951286326447568,
    -0.13610996271576847,
    -0.4175417196039162,
    0.22370578944475894,
    -0.7210122786959163,
    -0.4157107029295637,
    -0.2672763134126166,
    -0.08786003156592814,
    0.5703519227860272,
    -0.6006524356832805,
    0.02846887682722321,
    0.18482913772408494,
    -0.9070991745600046,
    0.21508970380287673,
    -0.6589517526254169,
    -0.869896814029441,
    0.8977710745066665,
    0.9312640661491187,
    0.6167946962329223
  ],
  "J_md5_hash": "2bb8f7cd255287e1fa49ff5d3f1e9765",
  "edges_md5_hash": "9a63b0b9e58b24735aaab6fe8fa53752",
  "spec_version": "v2 (canonical_diamond_v2 by claude3 d9cf7fa)",
  "E_GS_total": -16.14595009030777,
  "E_per_edge": -0.4484986136196603,
  "GS_bitstring": "111011110100010011110000",
  "GS_spins": [
    1,
    1,
    1,
    -1,
    1,
    1,
    1,
    1,
    -1,
    1,
    -1,
    -1,
    -1,
    1,
    -1,
    -1,
    1,
    1,
    1,
    1,
    -1,
    -1,
    -1,
    -1
  ],
  "correlators_NN": {
    "(0,1)": 1.0,
    "(0,5)": 1.0,
    "(1,2)": 1.0,
    "(1,6)": 1.0,
    "(1,12)": -1.0,
    "(2,3)": -1.0,
    "(3,4)": -1.0,
    "(3,8)": 1.0,
    "(3,14)": 1.0,
    "(4,5)": 1.0,
    "(5,10)": -1.0,
    "(5,16)": 1.0,
    "(6,7)": 1.0,
    "(6,11)": -1.0,
    "(7,8)": -1.0,
    "(7,18)": 1.0,
    "(8,9)": -1.0,
    "(9,10)": -1.0,
    "(9,20)": -1.0,
    "(10,11)": 1.0,
    "(11,22)": 1.0,
    "(12,13)": -1.0,
    "(12,17)": -1.0,
    "(13,14)": -1.0,
    "(13,18)": 1.0,
    "(14,15)": 1.0,
    "(15,16)": -1.0,
    "(15,20)": 1.0,
    "(16,17)": 1.0,
    "(17,22)": -1.0,
    "(18,19)": 1.0,
    "(18,23)": -1.0,
    "(19,20)": -1.0,
    "(20,21)": 1.0,
    "(21,22)": 1.0,
    "(22,23)": 1.0
  },
  "correlators_long_range": [
    {
      "pair": [
        0,
        12
      ],
      "value": -1.0
    },
    {
      "pair": [
        0,
        23
      ],
      "value": -1.0
    }
  ],
  "runtime_s": 16.295459747314453,
  "code_commit_hash": "2e72a7d5f66a9196ce56af770300c344d01aa635",
  "method": "brute_force_enumeration",
  "Hamiltonian": "H = -sum_(i,j) J_ij sz_i sz_j  (pure classical Ising, Gamma=0)"
}