{
  "N": 18,
  "L_perp": 3,
  "L_vert": 1,
  "n_edges": 21,
  "edges": [
    [
      0,
      1
    ],
    [
      1,
      2
    ],
    [
      1,
      6
    ],
    [
      2,
      3
    ],
    [
      3,
      4
    ],
    [
      3,
      8
    ],
    [
      4,
      5
    ],
    [
      5,
      10
    ],
    [
      6,
      7
    ],
    [
      7,
      8
    ],
    [
      7,
      12
    ],
    [
      8,
      9
    ],
    [
      9,
      10
    ],
    [
      9,
      14
    ],
    [
      10,
      11
    ],
    [
      11,
      16
    ],
    [
      12,
      13
    ],
    [
      13,
      14
    ],
    [
      14,
      15
    ],
    [
      15,
      16
    ],
    [
      16,
      17
    ]
  ],
  "J": [
    -0.250919762305275,
    0.9014286128198323,
    0.4639878836228102,
    0.1973169683940732,
    -0.687962719115127,
    -0.6880109593275947,
    -0.8838327756636011,
    0.7323522915498704,
    0.2022300234864176,
    0.416145155592091,
    -0.9588310114083951,
    0.9398197043239886,
    0.6648852816008435,
    -0.5753217786434477,
    -0.6363500655857988,
    -0.6331909802931324,
    -0.39151551408092455,
    0.04951286326447568,
    -0.13610996271576847,
    -0.4175417196039162,
    0.22370578944475894
  ],
  "J_md5_hash": "96875c39d3ca00e626ce812649728d70",
  "edges_md5_hash": "5a4d06079b341cd78379b16edb045b3f",
  "spec_version": "v2 (canonical_diamond_v2 by claude3 d9cf7fa)",
  "E_GS_total": -9.303704252226467,
  "E_per_edge": -0.44303353582030797,
  "GS_bitstring": "100010000001101100",
  "GS_spins": [
    1,
    -1,
    -1,
    -1,
    1,
    -1,
    -1,
    -1,
    -1,
    -1,
    -1,
    1,
    1,
    -1,
    1,
    1,
    -1,
    -1
  ],
  "correlators_NN": {
    "(0,1)": -1.0,
    "(1,2)": 1.0,
    "(1,6)": 1.0,
    "(2,3)": 1.0,
    "(3,4)": -1.0,
    "(3,8)": 1.0,
    "(4,5)": -1.0,
    "(5,10)": 1.0,
    "(6,7)": 1.0,
    "(7,8)": 1.0,
    "(7,12)": -1.0,
    "(8,9)": 1.0,
    "(9,10)": 1.0,
    "(9,14)": -1.0,
    "(10,11)": -1.0,
    "(11,16)": -1.0,
    "(12,13)": -1.0,
    "(13,14)": -1.0,
    "(14,15)": 1.0,
    "(15,16)": -1.0,
    "(16,17)": 1.0
  },
  "correlators_long_range": [
    {
      "pair": [
        0,
        9
      ],
      "value": -1.0
    },
    {
      "pair": [
        0,
        17
      ],
      "value": -1.0
    }
  ],
  "runtime_s": 0.26174330711364746,
  "code_commit_hash": "37caf906ce988bc6accbadf0457165dd812d32aa",
  "method": "brute_force_enumeration",
  "Hamiltonian": "H = -sum_(i,j) J_ij sz_i sz_j  (pure classical Ising, Gamma=0)"
}