{
  "N": 8,
  "L_perp": 2,
  "L_vert": 1,
  "n_edges": 8,
  "edges": [
    [
      0,
      1
    ],
    [
      1,
      2
    ],
    [
      1,
      4
    ],
    [
      2,
      3
    ],
    [
      3,
      6
    ],
    [
      4,
      5
    ],
    [
      5,
      6
    ],
    [
      6,
      7
    ]
  ],
  "J": [
    -0.250919762305275,
    0.9014286128198323,
    0.4639878836228102,
    0.1973169683940732,
    -0.687962719115127,
    -0.6880109593275947,
    -0.8838327756636011,
    0.7323522915498704
  ],
  "J_md5_hash": "26b469e746f5ae5a3fbf8f9dfb3cab01",
  "edges_md5_hash": "cc02023b678a1b594a3cdb3b09932fde",
  "spec_version": "v2 (canonical_diamond_v2 by claude3 d9cf7fa)",
  "E_GS_total": -4.411178036010037,
  "E_per_edge": -0.5513972545012547,
  "GS_bitstring": "10010100",
  "GS_spins": [
    1,
    -1,
    -1,
    1,
    -1,
    1,
    -1,
    -1
  ],
  "correlators_NN": {
    "(0,1)": -1.0,
    "(1,2)": 1.0,
    "(1,4)": 1.0,
    "(2,3)": -1.0,
    "(3,6)": -1.0,
    "(4,5)": -1.0,
    "(5,6)": -1.0,
    "(6,7)": 1.0
  },
  "correlators_long_range": [
    {
      "pair": [
        0,
        4
      ],
      "value": -1.0
    },
    {
      "pair": [
        0,
        7
      ],
      "value": -1.0
    }
  ],
  "runtime_s": 0.0,
  "code_commit_hash": "37caf906ce988bc6accbadf0457165dd812d32aa",
  "method": "brute_force_enumeration",
  "Hamiltonian": "H = -sum_(i,j) J_ij sz_i sz_j  (pure classical Ising, Gamma=0)"
}