{
  "N": 16,
  "L_perp": 2,
  "L_vert": 2,
  "n_edges": 24,
  "edges": [
    [
      0,
      1
    ],
    [
      0,
      3
    ],
    [
      1,
      2
    ],
    [
      1,
      4
    ],
    [
      1,
      8
    ],
    [
      2,
      3
    ],
    [
      3,
      6
    ],
    [
      3,
      10
    ],
    [
      4,
      5
    ],
    [
      4,
      7
    ],
    [
      5,
      6
    ],
    [
      5,
      12
    ],
    [
      6,
      7
    ],
    [
      7,
      14
    ],
    [
      8,
      9
    ],
    [
      8,
      11
    ],
    [
      9,
      10
    ],
    [
      9,
      12
    ],
    [
      10,
      11
    ],
    [
      11,
      14
    ],
    [
      12,
      13
    ],
    [
      12,
      15
    ],
    [
      13,
      14
    ],
    [
      14,
      15
    ]
  ],
  "J": [
    -0.250919762305275,
    0.9014286128198323,
    0.4639878836228102,
    0.1973169683940732,
    -0.687962719115127,
    -0.6880109593275947,
    -0.8838327756636011,
    0.7323522915498704,
    0.2022300234864176,
    0.416145155592091,
    -0.9588310114083951,
    0.9398197043239886,
    0.6648852816008435,
    -0.5753217786434477,
    -0.6363500655857988,
    -0.6331909802931324,
    -0.39151551408092455,
    0.04951286326447568,
    -0.13610996271576847,
    -0.4175417196039162,
    0.22370578944475894,
    -0.7210122786959163,
    -0.4157107029295637,
    -0.2672763134126166
  ],
  "J_md5_hash": "424e74310832a0b11b650fbe0342f3fb",
  "edges_md5_hash": "4052224a55b9dd0477267fdcdc1fd4c0",
  "spec_version": "v2 (canonical_diamond_v2 by claude3 d9cf7fa)",
  "E_GS_total": -11.504073765488936,
  "E_per_edge": -0.4793364068953723,
  "GS_bitstring": "1001010010101010",
  "GS_spins": [
    1,
    -1,
    -1,
    1,
    -1,
    1,
    -1,
    -1,
    1,
    -1,
    1,
    -1,
    1,
    -1,
    1,
    -1
  ],
  "correlators_NN": {
    "(0,1)": -1.0,
    "(0,3)": 1.0,
    "(1,2)": 1.0,
    "(1,4)": 1.0,
    "(1,8)": -1.0,
    "(2,3)": -1.0,
    "(3,6)": -1.0,
    "(3,10)": 1.0,
    "(4,5)": -1.0,
    "(4,7)": 1.0,
    "(5,6)": -1.0,
    "(5,12)": 1.0,
    "(6,7)": 1.0,
    "(7,14)": -1.0,
    "(8,9)": -1.0,
    "(8,11)": -1.0,
    "(9,10)": -1.0,
    "(9,12)": -1.0,
    "(10,11)": -1.0,
    "(11,14)": -1.0,
    "(12,13)": -1.0,
    "(12,15)": -1.0,
    "(13,14)": -1.0,
    "(14,15)": -1.0
  },
  "correlators_long_range": [
    {
      "pair": [
        0,
        8
      ],
      "value": 1.0
    },
    {
      "pair": [
        0,
        15
      ],
      "value": -1.0
    }
  ],
  "runtime_s": 0.0737912654876709,
  "code_commit_hash": "37caf906ce988bc6accbadf0457165dd812d32aa",
  "method": "brute_force_enumeration",
  "Hamiltonian": "H = -sum_(i,j) J_ij sz_i sz_j  (pure classical Ising, Gamma=0)"
}