{
  "N": 16,
  "L_perp": 2,
  "L_vert": 2,
  "n_edges": 24,
  "edges": [
    [
      0,
      1
    ],
    [
      0,
      2
    ],
    [
      1,
      3
    ],
    [
      1,
      4
    ],
    [
      1,
      8
    ],
    [
      2,
      3
    ],
    [
      2,
      7
    ],
    [
      2,
      11
    ],
    [
      4,
      5
    ],
    [
      4,
      6
    ],
    [
      5,
      7
    ],
    [
      5,
      12
    ],
    [
      6,
      7
    ],
    [
      6,
      15
    ],
    [
      8,
      9
    ],
    [
      8,
      10
    ],
    [
      9,
      11
    ],
    [
      9,
      12
    ],
    [
      10,
      11
    ],
    [
      10,
      15
    ],
    [
      12,
      13
    ],
    [
      12,
      14
    ],
    [
      13,
      15
    ],
    [
      14,
      15
    ]
  ],
  "J": [
    -0.250919762305275,
    0.9014286128198323,
    0.4639878836228102,
    0.1973169683940732,
    -0.687962719115127,
    -0.6880109593275947,
    -0.8838327756636011,
    0.7323522915498704,
    0.2022300234864176,
    0.416145155592091,
    -0.9588310114083951,
    0.9398197043239886,
    0.6648852816008435,
    -0.5753217786434477,
    -0.6363500655857988,
    -0.6331909802931324,
    -0.39151551408092455,
    0.04951286326447568,
    -0.13610996271576847,
    -0.4175417196039162,
    0.22370578944475894,
    -0.7210122786959163,
    -0.4157107029295637,
    -0.2672763134126166
  ],
  "J_md5_hash": "424e74310832a0b11b650fbe0342f3fb",
  "E_GS_total": -11.504073765488936,
  "E_per_edge": -0.4793364068953723,
  "GS_bitstring": "0101101101100110",
  "GS_spins": [
    -1,
    1,
    -1,
    1,
    1,
    -1,
    1,
    1,
    -1,
    1,
    1,
    -1,
    -1,
    1,
    1,
    -1
  ],
  "correlators_NN": {
    "(0,1)": -1.0,
    "(0,2)": 1.0,
    "(1,3)": 1.0,
    "(1,4)": 1.0,
    "(1,8)": -1.0,
    "(2,3)": -1.0,
    "(2,7)": -1.0,
    "(2,11)": 1.0,
    "(4,5)": -1.0,
    "(4,6)": 1.0,
    "(5,7)": -1.0,
    "(5,12)": 1.0,
    "(6,7)": 1.0,
    "(6,15)": -1.0,
    "(8,9)": -1.0,
    "(8,10)": -1.0,
    "(9,11)": -1.0,
    "(9,12)": -1.0,
    "(10,11)": -1.0,
    "(10,15)": -1.0,
    "(12,13)": -1.0,
    "(12,14)": -1.0,
    "(13,15)": -1.0,
    "(14,15)": -1.0
  },
  "correlators_long_range": [
    {
      "pair": [
        0,
        8
      ],
      "value": 1.0
    },
    {
      "pair": [
        0,
        15
      ],
      "value": 1.0
    }
  ],
  "runtime_s": 0.07648992538452148,
  "code_commit_hash": "96b6b1e7fdae4c2720046511b39a578fbfd4b980",
  "method": "brute_force_enumeration",
  "Hamiltonian": "H = -sum_(i,j) J_ij sz_i sz_j  (pure classical Ising, Gamma=0)"
}